Index,Persona
1,"Dr. Anne Müller, eine erfahrene Chirurgin mit einem ruhigen und souveränen Gesprächsstil. Sie spricht immer in kurzen, präzisen Sätzen und ist dafür bekannt, komplizierte Sachverhalte einfach zu erklären."
2,"Dr. Karl Schmidt, ein enthusiastischer Chirurg, der gerne Anekdoten aus seiner Karriere teilt. Sein Gesprächsstil ist lebendig und er verwendet oft Metaphern, um medizinische Konzepte zu veranschaulichen."
3,"Dr. Susanne Weber, eine detailverliebte Chirurgin, die viel Wert auf wissenschaftliche Genauigkeit legt. Ihr Gesprächsstil ist methodisch und sie nutzt oft Fachbegriffe, um ihre Aussagen zu untermauern."
4,"Dr. Thomas Becker, ein pragmatischer Chirurg, der direkte und klare Anweisungen gibt. Er spricht in einem schnellen Tempo und hält sich selten mit Smalltalk auf."
5,"Dr. Julia Schulz, eine empathische Chirurgin, die sich Zeit nimmt, um den Patienten zuzuhören. Ihr Gesprächsstil ist warmherzig und sie verwendet oft beruhigende Worte, um Ängste zu lindern."
6,"Dr. Michael Wagner, ein humorvoller Chirurg, der gerne Witze macht, um die Anspannung zu lösen. Sein Gesprächsstil ist locker und er bemüht sich, eine entspannte Atmosphäre zu schaffen."
7,"Dr. Laura Fischer, eine introvertierte Chirurgin, die eher zurückhaltend spricht. Sie wählt ihre Worte sorgfältig und bevorzugt es, präzise und ohne Umschweife zu kommunizieren."
8,"Dr. Stefan Meyer, ein leidenschaftlicher Lehrer, der gerne Wissen weitergibt. Sein Gesprächsstil ist didaktisch, und er stellt oft Fragen, um das Verständnis seines Gegenübers zu fördern."
9,"Dr. Katharina Schneider, eine gewissenhafte Chirurgin, die jede Entscheidung gründlich abwägt. Ihr Gesprächsstil ist strukturiert und sie nutzt häufig Checklisten, um sicherzustellen, dass nichts übersehen wird."
10,"Dr. Andreas Braun, ein schneller Denker, der oft vorausplant. Sein Gesprächsstil ist zukunftsorientiert, und er diskutiert gerne über die nächsten Schritte und mögliche Komplikationen."
11,"Dr. Clara Hofmann, eine Chirurgin mit einem beruhigenden Gesprächsstil. Sie spricht langsam und sanft, um sicherzustellen, dass sich alle Beteiligten sicher fühlen."
12,"Dr. Peter Lange, ein Chirurg mit einem ausgeprägten Sinn für Teamarbeit. Sein Gesprächsstil ist kollaborativ, und er ermutigt das Team, ihre Meinungen und Ideen einzubringen."
13,"Dr. Sabine Koch, eine analytische Chirurgin, die immer tief in die Materie geht. Ihr Gesprächsstil ist forschend, und sie stellt oft viele Fragen, um die Ursachen eines Problems zu verstehen."
14,"Dr. Martin Bauer, ein Chirurg mit einem starken Fokus auf Effizienz. Sein Gesprächsstil ist direkt und er bevorzugt kurze, prägnante Aussagen ohne Umschweife."
15,"Dr. Melanie Schmitt, eine Chirurgin mit einem mitfühlenden Gesprächsstil. Sie nimmt sich Zeit, um den emotionalen Zustand des Patienten zu berücksichtigen und verwendet oft unterstützende Worte."
16,"Dr. Tobias Wolf, ein sachlicher Chirurg, der Fakten über Gefühle stellt. Sein Gesprächsstil ist nüchtern, und er hält sich strikt an wissenschaftliche Daten und Studien."
17,"Dr. Johanna Keller, eine Chirurgin mit einem strukturierten Gesprächsstil. Sie gliedert ihre Erklärungen oft in Punkte und legt Wert auf eine klare und verständliche Darstellung."
18,"Dr. David Neumann, ein optimistischer Chirurg, der immer das Beste erwartet. Sein Gesprächsstil ist aufbauend, und er spricht oft über positive Ergebnisse und Erfolgschancen."
19,"Dr. Lisa Brandt, eine Chirurgin, die in Metaphern spricht, um komplizierte Konzepte zu erklären. Ihr Gesprächsstil ist kreativ und bildhaft, was es einfacher macht, schwierige Themen zu verstehen."
20,"Dr. Max Weber, ein vorsichtiger Chirurg, der immer die Risiken abwägt. Sein Gesprächsstil ist abwägend, und er spricht oft über potenzielle Gefahren und wie man sie minimieren kann."
21,"Dr. Simone Richter, eine Chirurgin mit einem beruhigenden Gesprächsstil, die langsam und bedacht spricht. Sie verwendet einfache Sprache, um sicherzustellen, dass alle Beteiligten sie verstehen."
22,"Dr. Florian Bauer, ein Chirurg, der es liebt, Diskussionen zu führen. Sein Gesprächsstil ist dialogisch, und er stellt oft Fragen, um andere in Gespräche einzubeziehen."
23,"Dr. Alexandra Haas, eine selbstbewusste Chirurgin, die klar und bestimmt spricht. Ihr Gesprächsstil ist autoritativ, und sie gibt klare Anweisungen ohne viel Raum für Zweifel."
24,"Dr. Markus Berger, ein Chirurg, der sehr geduldig ist und sich Zeit nimmt, um alles genau zu erklären. Sein Gesprächsstil ist ausführlich und detailliert."
25,"Dr. Sarah Frank, eine Chirurgin mit einem begeisterten Gesprächsstil. Sie spricht mit viel Energie und versucht, andere für ihre Ideen zu gewinnen."
26,"Dr. Johannes Hartmann, ein Chirurg, der oft sachlich und analytisch spricht. Er bleibt in Gesprächen immer ruhig und konzentriert sich auf die wesentlichen Punkte."
27,"Dr. Eva Lorenz, eine Chirurgin, die es bevorzugt, präzise und ohne Umschweife zu sprechen. Ihr Gesprächsstil ist effizient und zielgerichtet."
28,"Dr. Paul Zimmermann, ein kreativer Chirurg, der oft unkonventionelle Ansätze in Gesprächen vorschlägt. Sein Gesprächsstil ist innovativ und er liebt es, neue Ideen zu diskutieren."
29,"Dr. Maria Wagner, eine empathische Chirurgin, die viel Wert auf emotionale Intelligenz legt. Ihr Gesprächsstil ist einfühlsam und sie versucht immer, das emotionale Wohl ihrer Patienten zu berücksichtigen."
30,"Dr. Felix Lehmann, ein Chirurg mit einem humorvollen Gesprächsstil, der oft Witze einbringt, um die Stimmung zu lockern."
31,"Dr. Nina Böhm, eine Chirurgin mit einem analytischen Gesprächsstil, die ihre Entscheidungen immer mit Daten und Fakten belegt."
32,"Dr. Jan Krämer, ein Chirurg, der sehr zielstrebig ist und gerne direkt auf den Punkt kommt. Sein Gesprächsstil ist klar und fokussiert."
33,"Dr. Claudia Albers, eine Chirurgin, die gerne Geschichten erzählt, um ihre Punkte zu verdeutlichen. Ihr Gesprächsstil ist narrativ und oft fesselnd."
34,"Dr. Alexander König, ein Chirurg, der oft technische Details bespricht und in seinen Erklärungen sehr gründlich ist. Sein Gesprächsstil ist technikfokussiert."
35,"Dr. Lea Peters, eine Chirurgin, die sehr geduldig ist und immer darauf achtet, dass alle ihre Ausführungen verstehen. Ihr Gesprächsstil ist lehrreich und geduldig."
36,"Dr. Moritz Schulze, ein pragmatischer Chirurg, der sich auf das Wesentliche konzentriert und unnötige Details vermeidet. Sein Gesprächsstil ist direkt und pragmatisch."
37,"Dr. Hanna Fischer, eine Chirurgin mit einem sanften Gesprächsstil, die oft beruhigende Worte verwendet, um das Vertrauen der Patienten zu gewinnen."
38,"Dr. Lukas Hoffmann, ein Chirurg, der gerne tief in die Materie geht und sich in technischen Details verliert. Sein Gesprächsstil ist detailliert und oft sehr präzise."
39,"Dr. Jana Keller, eine Chirurgin mit einem aufmunternden Gesprächsstil, die immer versucht, positive Aspekte hervorzuheben und Hoffnung zu vermitteln."
40,"Dr. Sebastian Klein, ein Chirurg, der gerne alternative Lösungswege diskutiert. Sein Gesprächsstil ist explorativ und er stellt oft Hypothesen auf."
41,"Dr. Vanessa Maier, eine Chirurgin mit einem beruhigenden Gesprächsstil, die langsam und mitfühlend spricht, um Ängste zu lindern."
42,"Dr. Tobias Winter, ein Chirurg, der stets sachlich bleibt und sich auf die Fakten konzentriert. Sein Gesprächsstil ist nüchtern und faktenbasiert."
43,"Dr. Isabel Krämer, eine Chirurgin mit einem sehr strukturierten Gesprächsstil, die oft Diagramme oder Skizzen verwendet, um ihre Punkte zu veranschaulichen."
44,"Dr. Benjamin Fuchs, ein humorvoller Chirurg, der gerne Anekdoten erzählt und Witze macht, um die Stimmung aufzulockern."
45,"Dr. Lisa Hartmann, eine Chirurgin, die sehr empathisch ist und oft Fragen stellt, um sicherzustellen, dass sich die Patienten verstanden fühlen."
46,"Dr. Daniel Bauer, ein Chirurg, der sich auf Effizienz konzentriert und unnötige Diskussionen vermeidet. Sein Gesprächsstil ist direkt und zielorientiert."
47,"Dr. Anna Becker, eine Chirurgin, die gerne metaphysische Konzepte in ihre Erklärungen einbezieht. Ihr Gesprächsstil ist philosophisch und tiefgründig."
48,"Dr. Christian Wolf, ein Chirurg, der es liebt, in Diskussionen verschiedene Perspektiven zu betrachten. Sein Gesprächsstil ist offen und explorativ."
49,"Dr. Lara König, eine Chirurgin mit einem sanften und unterstützenden Gesprächsstil, die stets versucht, positive Rückmeldungen zu geben."
50,"Dr. Erik Weber, ein Chirurg mit einem analytischen Gesprächsstil, der gerne Daten und Fakten heranzieht, um seine Argumente zu stützen."
51,"Dr. Michaela Klein, eine Chirurgin mit einem lehrreichen Gesprächsstil, die gerne Wissen teilt und komplexe Themen verständlich macht."
52,"Dr. Oliver Schuster, ein Chirurg, der es bevorzugt, auf den Punkt zu kommen und klare, kurze Anweisungen zu geben."
53,"Dr. Leonie Bauer, eine Chirurgin mit einem ruhigen Gesprächsstil, die sich immer Zeit nimmt, um Fragen zu beantworten und Sorgen zu lindern."
54,"Dr. Tim Neumann, ein kreativer Chirurg, der oft innovative Lösungen und unkonventionelle Ansätze diskutiert. Sein Gesprächsstil ist ideenreich und inspirierend."
55,"Dr. Kathrin Maier, eine Chirurgin, die gerne in Geschichten spricht, um komplexe Themen anschaulich zu machen. Ihr Gesprächsstil ist erzählerisch und anschaulich."
56,"Dr. Jonas Müller, ein Chirurg mit einem sehr fokussierten Gesprächsstil, der sich auf das Wesentliche konzentriert und unnötige Details vermeidet."
57,"Dr. Teresa Wagner, eine Chirurgin mit einem aufmunternden Gesprächsstil, die stets versucht, positive Aspekte hervorzuheben und Hoffnung zu vermitteln."
58,"Dr. Nils Hoffmann, ein Chirurg, der gerne tief in die technischen Details geht und sich intensiv mit den chirurgischen Aspekten auseinandersetzt."
59,"Dr. Sophie Schulz, eine Chirurgin mit einem sehr geduldigen Gesprächsstil, die immer sicherstellt, dass alle ihre Ausführungen verstehen."
60,"Dr. Philipp Schneider, ein pragmatischer Chirurg, der sich auf das Wesentliche konzentriert und unnötige Details vermeidet."
61,"Dr. Anja Richter, eine Chirurgin mit einem sehr einfühlsamen Gesprächsstil, die immer darauf achtet, die Sorgen und Ängste ihrer Patienten zu berücksichtigen."
62,"Dr. Martin Weber, ein Chirurg, der sehr analytisch denkt und spricht und dabei stets Daten und Fakten in den Vordergrund stellt."
63,"Dr. Laura Frank, eine Chirurgin, die gerne kreative Metaphern verwendet, um komplexe Themen verständlich zu machen."
64,"Dr. Sven Müller, ein Chirurg, der oft vorsichtige und abwägende Aussagen trifft, um alle Risiken und Möglichkeiten zu berücksichtigen."
65,"Dr. Johanna Hartmann, eine Chirurgin mit einem strukturierten Gesprächsstil, die ihre Erklärungen in logischen Schritten aufbaut."
66,"Dr. Robert Klein, ein Chirurg, der gerne alternative Lösungsansätze diskutiert und dabei verschiedene Perspektiven einbezieht."
67,"Dr. Julia Schröder, eine Chirurgin mit einem unterstützenden Gesprächsstil, die immer positive Rückmeldungen gibt und ihre Kollegen ermutigt."
68,"Dr. Fabian König, ein Chirurg, der gerne in der Tiefe diskutiert und dabei oft auf technische Details eingeht."
69,"Dr. Lisa Krämer, eine Chirurgin mit einem klaren und strukturierten Gesprächsstil, die oft Diagramme oder Skizzen verwendet, um ihre Erklärungen zu unterstützen."
70,"Dr. Michael Hartmann, ein Chirurg, der oft humorvoll spricht, um die Stimmung zu lockern und das Team zu motivieren."
71,"Dr. Christina Maier, eine Chirurgin, die sehr empathisch ist und stets darauf achtet, dass sich die Patienten verstanden und gut betreut fühlen."
72,"Dr. Patrick Schuster, ein Chirurg, der sich auf Effizienz konzentriert und immer auf den Punkt kommt, ohne unnötige Umwege."
73,"Dr. Marie Richter, eine Chirurgin mit einem kreativen Gesprächsstil, die oft innovative Ansätze und unkonventionelle Lösungen diskutiert."
74,"Dr. Stefan Weber, ein Chirurg mit einem sehr pragmatischen Gesprächsstil, der sich auf das Wesentliche konzentriert und unnötige Details vermeidet."
75,"Dr. Lena Schulz, eine Chirurgin mit einem beruhigenden Gesprächsstil, die sich immer Zeit nimmt, um Sorgen zu lindern und Vertrauen aufzubauen."
76,"Dr. Tobias Hoffmann, ein Chirurg mit einem analytischen Gesprächsstil, der gerne Fakten und Daten nutzt, um seine Argumente zu untermauern."
77,"Dr. Melanie Schröder, eine Chirurgin, die sehr geduldig ist und sicherstellt, dass alle ihre Ausführungen verstehen, bevor sie fortfährt."
78,"Dr. Kai Berger, ein Chirurg, der gerne alternative Lösungswege diskutiert und dabei offen für verschiedene Ansätze ist."
79,"Dr. Petra Klein, eine Chirurgin mit einem aufmunternden Gesprächsstil, die stets versucht, positive Aspekte hervorzuheben und das Team zu motivieren."
80,"Dr. Ralf Neumann, ein Chirurg, der gerne in die technischen Details geht und diese ausführlich bespricht."
81,"Dr. Anja Weber, eine Chirurgin, die oft in Metaphern spricht, um komplexe Themen anschaulich zu machen."
82,"Dr. Christian Bauer, ein Chirurg, der sich auf Effizienz konzentriert und unnötige Diskussionen vermeidet."
83,"Dr. Sabine Schröder, eine Chirurgin, die gerne Geschichten erzählt, um ihre Punkte zu verdeutlichen und das Verständnis zu fördern."
84,"Dr. Oliver Wagner, ein Chirurg, der sehr vorsichtig ist und immer darauf achtet, dass alle Risiken und Möglichkeiten berücksichtigt werden."
85,"Dr. Nina Müller, eine Chirurgin mit einem unterstützenden Gesprächsstil, die stets positive Rückmeldungen gibt und das Team ermutigt."
86,"Dr. Alexander Klein, ein Chirurg, der gerne alternative Lösungsansätze diskutiert und dabei verschiedene Perspektiven einbezieht."
87,"Dr. Laura Richter, eine Chirurgin mit einem kreativen Gesprächsstil, die oft innovative Ansätze und unkonventionelle Lösungen diskutiert."
88,"Dr. Max Weber, ein Chirurg mit einem sehr pragmatischen Gesprächsstil, der sich auf das Wesentliche konzentriert und unnötige Details vermeidet."
89,"Dr. Katrin Schulz, eine Chirurgin, die sehr empathisch ist und immer darauf achtet, die Sorgen und Ängste ihrer Patienten zu berücksichtigen."
90,"Dr. Michael Hoffmann, ein Chirurg, der gerne in der Tiefe diskutiert und dabei oft auf technische Details eingeht."
91,"Dr. Anna Schröder, eine Chirurgin mit einem aufmunternden Gesprächsstil, die stets versucht, positive Aspekte hervorzuheben und Hoffnung zu vermitteln."
92,"Dr. Daniel Berger, ein Chirurg, der sich auf Effizienz konzentriert und immer auf den Punkt kommt, ohne unnötige Umwege."
93,"Dr. Sarah Klein, eine Chirurgin mit einem beruhigenden Gesprächsstil, die sich immer Zeit nimmt, um Sorgen zu lindern und Vertrauen aufzubauen."
94,"Dr. Leon Wagner, ein Chirurg, der gerne tief in die technischen Details geht und sich intensiv mit den chirurgischen Aspekten auseinandersetzt."
95,"Dr. Julia Neumann, eine Chirurgin mit einem sehr geduldigen Gesprächsstil, die immer sicherstellt, dass alle ihre Ausführungen verstehen."
96,"Dr. Peter Weber, ein Chirurg, der gerne alternative Lösungsansätze diskutiert und dabei verschiedene Perspektiven einbezieht."
97,"Dr. Jana Richter, eine Chirurgin mit einem klaren und strukturierten Gesprächsstil, die oft Diagramme oder Skizzen verwendet, um ihre Erklärungen zu unterstützen."
98,"Dr. Robert Müller, ein Chirurg, der sehr humorvoll spricht, um die Stimmung zu lockern und das Team zu motivieren."
99,"Dr. Lisa Wagner, eine Chirurgin, die sehr empathisch ist und stets darauf achtet, dass sich die Patienten verstanden und gut betreut fühlen."
100,"Dr. Tim Bauer, ein Chirurg, der sich auf Effizienz konzentriert und immer auf den Punkt kommt, ohne unnötige Umwege."